source	type	name	sequence	comments
Illumina	alfa	Il-acj-ind1	CAAGCAGAAGACGGCATACGAGATCGTGATCGACTCAAGTGTGTGG   	
Illumina	alfa	Il-acj-ind2	CAAGCAGAAGACGGCATACGAGATACATCGCGACTCAAGTGTGTGG	
Illumina	alfa	Il-acj-ind4	CAAGCAGAAGACGGCATACGAGATTGGTCACGACTCAAGTGTGTGG	
Illumina	alfa	Il-acj-ind5	CAAGCAGAAGACGGCATACGAGATCACTGTCGACTCAAGTGTGTGG	
Illumina	alfa	Il-acj-ind6	CAAGCAGAAGACGGCATACGAGATATTGGCCGACTCAAGTGTGTGG	
Illumina	alfa	Il-acj-ind7	CAAGCAGAAGACGGCATACGAGATGATCTGCGACTCAAGTGTGTGG	
Illumina	alfa	Il-acj-ind8	CAAGCAGAAGACGGCATACGAGATTCAAGTCGACTCAAGTGTGTGG	
Illumina	alfa	Il-acj-ind9	CAAGCAGAAGACGGCATACGAGATCTGATCCGACTCAAGTGTGTGG	
Illumina	alfa	Il-acj-ind10	CAAGCAGAAGACGGCATACGAGATAAGCTACGACTCAAGTGTGTGG	
Illumina	alfa	Il-acj-ind11	CAAGCAGAAGACGGCATACGAGATGTAGCCCGACTCAAGTGTGTGG	
Illumina	alfa	Il-acj-ind12	CAAGCAGAAGACGGCATACGAGATTACAAGCGACTCAAGTGTGTGG	
Illumina	alfa	Il-acj-ind13	CAAGCAGAAGACGGCATACGAGATTTGACTCGACTCAAGTGTGTGG	
Illumina	alfa	Il-acj-ind14	CAAGCAGAAGACGGCATACGAGATGGAACTCGACTCAAGTGTGTGG	
Illumina	alfa	Il-acj-ind15	CAAGCAGAAGACGGCATACGAGATTGACATCGACTCAAGTGTGTGG	
Illumina	alfa	Il-acj-ind16	CAAGCAGAAGACGGCATACGAGATGGACGGCGACTCAAGTGTGTGG	
Illumina	alfa	Il-acj-ind17	CAAGCAGAAGACGGCATACGAGATCTCTACCGACTCAAGTGTGTGG	
Illumina	alfa	Il-acj-ind18	CAAGCAGAAGACGGCATACGAGATGCGGACCGACTCAAGTGTGTGG	
Illumina	alfa	Il-acj-ind19	CAAGCAGAAGACGGCATACGAGATTTTCACCGACTCAAGTGTGTGG	
Illumina	alfa	Il-acj-ind20	CAAGCAGAAGACGGCATACGAGATGGCCACCGACTCAAGTGTGTGG	
Illumina	alfa	Il-acj-ind21	CAAGCAGAAGACGGCATACGAGATCGAAACCGACTCAAGTGTGTGG	
Illumina	alfa	Il-acj-ind22	CAAGCAGAAGACGGCATACGAGATCGTACGCGACTCAAGTGTGTGG	
Illumina	alfa	Il-acj-ind23	CAAGCAGAAGACGGCATACGAGATCCACTCCGACTCAAGTGTGTGG	
Illumina	alfa	Il-acj-ind24	CAAGCAGAAGACGGCATACGAGATGCTACCCGACTCAAGTGTGTGG	
Illumina	alfa	Il-acj-ind25	CAAGCAGAAGACGGCATACGAGATATCAGTCGACTCAAGTGTGTGG	
Illumina	alfa	Il-acj-ind26	CAAGCAGAAGACGGCATACGAGATGCTCATCGACTCAAGTGTGTGG	
Illumina	alfa	Il-acj-ind27	CAAGCAGAAGACGGCATACGAGATAGGAATCGACTCAAGTGTGTGG	
Illumina	alfa	Il-acj-ind28	CAAGCAGAAGACGGCATACGAGATCTTTTGCGACTCAAGTGTGTGG	
Illumina	alfa	Il-acj-ind29	CAAGCAGAAGACGGCATACGAGATTAGTTGCGACTCAAGTGTGTGG	
Illumina	alfa	Il-acj-ind30	CAAGCAGAAGACGGCATACGAGATCCGGTGCGACTCAAGTGTGTGG	
Illumina	alfa	Il-acj-ind31	CAAGCAGAAGACGGCATACGAGATATCGTGCGACTCAAGTGTGTGG	
Illumina	alfa	Il-acj-ind32	CAAGCAGAAGACGGCATACGAGATTGAGTGCGACTCAAGTGTGTGG	
Illumina	alfa	Il-acj-ind33	CAAGCAGAAGACGGCATACGAGATCGCCTGCGACTCAAGTGTGTGG	
Illumina	alfa	Il-acj-ind34	CAAGCAGAAGACGGCATACGAGATGCCATGCGACTCAAGTGTGTGG	
Illumina	alfa	Il-acj-ind35	CAAGCAGAAGACGGCATACGAGATAAAATGCGACTCAAGTGTGTGG	
Illumina	alfa	Il-acj-ind36	CAAGCAGAAGACGGCATACGAGATTGTTGGCGACTCAAGTGTGTGG	
Illumina	alfa	Il-acj-ind37	CAAGCAGAAGACGGCATACGAGATATTCCGCGACTCAAGTGTGTGG	
Illumina	alfa	Il-acj-ind38	CAAGCAGAAGACGGCATACGAGATAGCTAGCGACTCAAGTGTGTGG	
Illumina	alfa	Il-acj-ind39	CAAGCAGAAGACGGCATACGAGATGTATAGCGACTCAAGTGTGTGG	
Illumina	alfa	Il-acj-ind40	CAAGCAGAAGACGGCATACGAGATTCTGAGCGACTCAAGTGTGTGG	
Illumina	alfa	Il-acj-ind41	CAAGCAGAAGACGGCATACGAGATGTCGTCCGACTCAAGTGTGTGG	
Illumina	alfa	Il-acj-ind42	CAAGCAGAAGACGGCATACGAGATCGATTACGACTCAAGTGTGTGG	
Illumina	alfa	Il-acj-ind43	CAAGCAGAAGACGGCATACGAGATGCTGTACGACTCAAGTGTGTGG	
Illumina	alfa	Il-acj-ind44	CAAGCAGAAGACGGCATACGAGATATTATACGACTCAAGTGTGTGG	
Illumina	alfa	Il-acj-ind45	CAAGCAGAAGACGGCATACGAGATGAATGACGACTCAAGTGTGTGG	
Illumina	alfa	Il-acj-ind46	CAAGCAGAAGACGGCATACGAGATTCGGGACGACTCAAGTGTGTGG	
Illumina	alfa	Il-acj-ind47	CAAGCAGAAGACGGCATACGAGATCTTCGACGACTCAAGTGTGTGG	
Illumina	alfa	Il-acj-ind48	CAAGCAGAAGACGGCATACGAGATTGCCGACGACTCAAGTGTGTGG	
Illumina	alfa	Il-acj-ind56	CAAGCAGAAGACGGCATACGAGATACTTGACGACTCAAGTGTGTGG	
Illumina	alfa	Il-acj-ind59	CAAGCAGAAGACGGCATACGAGATAGTCAACGACTCAAGTGTGTGG	
Illumina	alfa	Il-acj-ind60	CAAGCAGAAGACGGCATACGAGATAGTTCCCGACTCAAGTGTGTGG	
Illumina	alfa	Il-acj-ind62	CAAGCAGAAGACGGCATACGAGATCCGTCCCGACTCAAGTGTGTGG	
Illumina	alfa	Il-acj-ind64	CAAGCAGAAGACGGCATACGAGATGTGAAACGACTCAAGTGTGTGG	
Illumina	alfa	Il-acj-ind77	CAAGCAGAAGACGGCATACGAGATCCAACACGACTCAAGTGTGTGG	
Illumina	beta	Il-bcj-ind1	CAAGCAGAAGACGGCATACGAGATCGTGATCGACTCAGATTGGTAC	
Illumina	beta	Il-bcj-ind2	CAAGCAGAAGACGGCATACGAGATACATCGCGACTCAGATTGGTAC	
Illumina	beta	Il-bcj-ind4	CAAGCAGAAGACGGCATACGAGATTGGTCACGACTCAGATTGGTAC	
Illumina	beta	Il-bcj-ind5	CAAGCAGAAGACGGCATACGAGATCACTGTCGACTCAGATTGGTAC	
Illumina	beta	Il-bcj-ind9	CAAGCAGAAGACGGCATACGAGATCTGATCCGACTCAGATTGGTAC	
Illumina	beta	Il-bcj-ind10	CAAGCAGAAGACGGCATACGAGATAAGCTACGACTCAGATTGGTAC	
Illumina	beta	Il-bcj-ind11	CAAGCAGAAGACGGCATACGAGATGTAGCCCGACTCAGATTGGTAC	
Illumina	beta	Il-bcj-ind12	CAAGCAGAAGACGGCATACGAGATTACAAGCGACTCAGATTGGTAC	
Illumina	beta	Il-bcj-ind15	CAAGCAGAAGACGGCATACGAGATTGACATCGACTCAGATTGGTAC	
Illumina	beta	Il-bcj-ind16	CAAGCAGAAGACGGCATACGAGATGGACGGCGACTCAGATTGGTAC	
Illumina	beta	Il-bcj-ind17	CAAGCAGAAGACGGCATACGAGATCTCTACCGACTCAGATTGGTAC	
Illumina	beta	Il-bcj-ind18	CAAGCAGAAGACGGCATACGAGATGCGGACCGACTCAGATTGGTAC	
Illumina	beta	Il-bcj-ind19	CAAGCAGAAGACGGCATACGAGATTTTCACCGACTCAGATTGGTAC	
Illumina	beta	Il-bcj-ind20	CAAGCAGAAGACGGCATACGAGATGGCCACCGACTCAGATTGGTAC	
Illumina	beta	Il-bcj-ind21	CAAGCAGAAGACGGCATACGAGATCGAAACCGACTCAGATTGGTAC 	
Illumina	beta	Il-bcj-ind22	CAAGCAGAAGACGGCATACGAGATCGTACGCGACTCAGATTGGTAC 	
Illumina	beta	Il-bcj-ind23	CAAGCAGAAGACGGCATACGAGATCCACTCCGACTCAGATTGGTAC 	
Illumina	beta	Il-bcj-ind24	CAAGCAGAAGACGGCATACGAGATGCTACCCGACTCAGATTGGTAC	
Illumina	beta	Il-bcj-ind25	CAAGCAGAAGACGGCATACGAGATATCAGTCGACTCAGATTGGTAC 	
Illumina	beta	Il-bcj-ind26	CAAGCAGAAGACGGCATACGAGATGCTCATCGACTCAGATTGGTAC 	
Illumina	beta	Il-bcj-ind27	CAAGCAGAAGACGGCATACGAGATAGGAATCGACTCAGATTGGTAC	
Illumina	beta	Il-bcj-ind28	CAAGCAGAAGACGGCATACGAGATCTTTTGCGACTCAGATTGGTAC 	
Illumina	beta	Il-bcj-ind29	CAAGCAGAAGACGGCATACGAGATTAGTTGCGACTCAGATTGGTAC 	
Illumina	beta	Il-bcj-ind30	CAAGCAGAAGACGGCATACGAGATCCGGTGCGACTCAGATTGGTAC	
Illumina	beta	Il-bcj-ind31	CAAGCAGAAGACGGCATACGAGATATCGTGCGACTCAGATTGGTAC	
Illumina	beta	Il-bcj-ind32	CAAGCAGAAGACGGCATACGAGATTGAGTGCGACTCAGATTGGTAC	
Illumina	beta	Il-bcj-ind33	CAAGCAGAAGACGGCATACGAGATCGCCTGCGACTCAGATTGGTAC	
Illumina	beta	Il-bcj-ind34	CAAGCAGAAGACGGCATACGAGATGCCATGCGACTCAGATTGGTAC	
Illumina	beta	Il-bcj-ind36	CAAGCAGAAGACGGCATACGAGATTGTTGGCGACTCAGATTGGTAC	
Illumina	beta	Il-bcj-ind37	CAAGCAGAAGACGGCATACGAGATATTCCGCGACTCAGATTGGTAC	
Illumina	beta	Il-bcj-ind38	CAAGCAGAAGACGGCATACGAGATAGCTAGCGACTCAGATTGGTAC	
Illumina	beta	Il-bcj-ind39	CAAGCAGAAGACGGCATACGAGATGTATAGCGACTCAGATTGGTAC	
Illumina	beta	Il-bcj-ind40	CAAGCAGAAGACGGCATACGAGATTCTGAGCGACTCAGATTGGTAC	
Illumina	beta	Il-bcj-ind41	CAAGCAGAAGACGGCATACGAGATGTCGTCCGACTCAGATTGGTAC	
Illumina	beta	Il-bcj-ind42	CAAGCAGAAGACGGCATACGAGATCGATTACGACTCAGATTGGTAC	
Illumina	beta	Il-bcj-ind43	CAAGCAGAAGACGGCATACGAGATGCTGTACGACTCAGATTGGTAC	
Illumina	beta	Il-bcj-ind44	CAAGCAGAAGACGGCATACGAGATATTATACGACTCAGATTGGTAC	
Illumina	beta	Il-bcj-ind45	CAAGCAGAAGACGGCATACGAGATGAATGACGACTCAGATTGGTAC	
Illumina	beta	Il-bcj-ind46	CAAGCAGAAGACGGCATACGAGATTCGGGACGACTCAGATTGGTAC	
Illumina	beta	Il-bcj-ind47	CAAGCAGAAGACGGCATACGAGATCTTCGACGACTCAGATTGGTAC	
Illumina	beta	Il-bcj-ind48	CAAGCAGAAGACGGCATACGAGATTGCCGACGACTCAGATTGGTAC	
Illumina	beta	Il-bcj-ind66	CAAGCAGAAGACGGCATACGAGATGAGTGGCGACTCAGATTGGTAC	
Illumina	beta	Il-bcj-ind68	CAAGCAGAAGACGGCATACGAGATACTGATCGACTCAGATTGGTAC	
Illumina	beta	Il-bcj-ind70	CAAGCAGAAGACGGCATACGAGATCAAAAGCGACTCAGATTGGTAC	
Illumina	beta	Il-bcj-ind71	CAAGCAGAAGACGGCATACGAGATCAACTACGACTCAGATTGGTAC	
Illumina	beta	Il-bcj-ind74	CAAGCAGAAGACGGCATACGAGATCACTCACGACTCAGATTGGTAC	
Illumina	beta	Il-bcj-ind75	CAAGCAGAAGACGGCATACGAGATCAGGCGCGACTCAGATTGGTAC	
Illumina	beta	Il-bcj-ind79	CAAGCAGAAGACGGCATACGAGATGACGACCGACTCAGATTGGTAC	
Illumina	beta	Il-bcj-ind80	CAAGCAGAAGACGGCATACGAGATTCATTCCGACTCAGATTGGTAC	
Illumina	beta	Il-bcj-ind81	CAAGCAGAAGACGGCATACGAGATTCGAAGCGACTCAGATTGGTAC	
Illumina	beta	Il-bcj-ind63	CAAGCAGAAGACGGCATACGAGATGTCCGCCGACTCAGATTGGTAC	
Illumina	beta	Il-bcj-ind50	CAAGCAGAAGACGGCATACGAGATATCACGCGACTCAGATTGGTAC	
Illumina	beta	Il-bcj-ind51	CAAGCAGAAGACGGCATACGAGATCGATGTCGACTCAGATTGGTAC	
Illumina	beta	Il-bcj-ind53	CAAGCAGAAGACGGCATACGAGATTGACCACGACTCAGATTGGTAC	
Illumina	beta	Il-bcj-ind54	CAAGCAGAAGACGGCATACGAGATACAGTGCGACTCAGATTGGTAC	
Illumina	beta	Il-bcj-ind55	CAAGCAGAAGACGGCATACGAGATGCCAATCGACTCAGATTGGTAC	
Illumina	beta	Il-bcj-ind56	CAAGCAGAAGACGGCATACGAGATACTTGACGACTCAGATTGGTAC	
Illumina	beta	Il-bcj-ind57	CAAGCAGAAGACGGCATACGAGATTAGCTTCGACTCAGATTGGTAC	
Illumina	beta	Il-bcj-ind58	CAAGCAGAAGACGGCATACGAGATCTTGTACGACTCAGATTGGTAC	
Illumina	beta	Il-bcj-ind60	CAAGCAGAAGACGGCATACGAGATAGTTCCCGACTCAGATTGGTAC	
Illumina	beta	Il-bcj-ind67	CAAGCAGAAGACGGCATACGAGATGGTAGCCGACTCAGATTGGTAC	
Illumina	beta	Il-bcj-ind76	CAAGCAGAAGACGGCATACGAGATCATGGCCGACTCAGATTGGTAC	
Illumina	beta	Il-bcj-ind52	CAAGCAGAAGACGGCATACGAGATTTAGGCCGACTCAGATTGGTAC	
Illumina	beta	Il-bcj-ind59	CAAGCAGAAGACGGCATACGAGATAGTCAACGACTCAGATTGGTAC	
Illumina	beta	Il-bcj-ind61	CAAGCAGAAGACGGCATACGAGATATGTCACGACTCAGATTGGTAC	
Illumina	beta	Il-bcj-ind62	CAAGCAGAAGACGGCATACGAGATCCGTCCCGACTCAGATTGGTAC	
Illumina	beta	Il-bcj-ind64	CAAGCAGAAGACGGCATACGAGATGTGAAACGACTCAGATTGGTAC	
Illumina	beta	Il-bcj-ind65	CAAGCAGAAGACGGCATACGAGATGTTTCGCGACTCAGATTGGTAC	
Illumina	beta	Il-bcj-ind69	CAAGCAGAAGACGGCATACGAGATATGAGCCGACTCAGATTGGTAC	
Illumina	beta	Il-bcj-ind72	CAAGCAGAAGACGGCATACGAGATCACCGGCGACTCAGATTGGTAC	
Illumina	beta	Il-bcj-ind73	CAAGCAGAAGACGGCATACGAGATCACGATCGACTCAGATTGGTAC	
Illumina	beta	Il-bcj-ind77	CAAGCAGAAGACGGCATACGAGATCCAACACGACTCAGATTGGTAC	
Illumina	beta	Il-bcj-ind78	CAAGCAGAAGACGGCATACGAGATCTAGCTCGACTCAGATTGGTAC	
Illumina	beta	Il-bcj-ind82	CAAGCAGAAGACGGCATACGAGATCGGAATCGACTCAGATTGGTAC	don’t use with 27
Illumina	beta	Il-bcj-ind83	CAAGCAGAAGACGGCATACGAGATCTATACCGACTCAGATTGGTAC	don’t use with 20 (UPD don’t use with 17)
Illumina	beta	Il-bcj-ind84	CAAGCAGAAGACGGCATACGAGATTCGGCACGACTCAGATTGGTAC	don’t use with 46

