source	name	sequence	comments
ДНК-синтез	MK-143	CAGUGGUAUCAACGCAGAGUACNNNNNNUCAGATUNNNNNNUCTT(rG)(rG)(rG)(rG)	
ДНК-синтез	MK-137	CAGUGGUAUCAACGCAGAGUACNNNNNUNATTCGNUNNNNNNUCTT(rG)(rG)(rG)(rG)	
ДНК-синтез	MK-200	CAGUGGUAUCAACGCAGAGUACNNNNUNNGCTGCNNUNNNNNNUCTT(rG)(rG)(rG)(rG)	
ДНК-синтез	MK-244	CAGUGGUAUCAACGCAGAGUACNNNNNNUTGAAAUNNNNNNUCTT(rG)(rG)(rG)(rG)	
ДНК-синтез	MK-230	CAGUGGUAUCAACGCAGAGUACNNNNNUNTACGTNUNNNNNNUCTT(rG)(rG)(rG)(rG)	
ДНК-синтез	MK-204	CAGUGGUAUCAACGCAGAGUACNNNNUNNGGATANNUNNNNNNUCTT(rG)(rG)(rG)(rG)	
ДНК-синтез	MK-128	CAGUGGUAUCAACGCAGAGUACNNNNNNUAGTGGUNNNNNNUCTT(rG)(rG)(rG)(rG)	
ДНК-синтез	MK-113	CAGUGGUAUCAACGCAGAGUACNNNNNNUACCTGUNNNNNNUCTT(rG)(rG)(rG)(rG)	
ДНК-синтез	MK-108	CAGUGGUAUCAACGCAGAGUACNNNNNNUAATGCUNNNNNNUCTT(rG)(rG)(rG)(rG)	
ДНК-синтез	MK-135	CAGUGGUAUCAACGCAGAGUACNNNNNNUATGCAUNNNNNNUCTT(rG)(rG)(rG)(rG)	
ДНК-синтез	MK-103	CAGUGGUAUCAACGCAGAGUACNNNNNNUAACGGUNNNNNNUCTT(rG)(rG)(rG)(rG)	
ДНК-синтез	MK-142	CAGUGGUAUCAACGCAGAGUACNNNNNNUCACCAUNNNNNNUCTT(rG)(rG)(rG)(rG)	
ДНК-синтез	MK-156	CAGUGGUAUCAACGCAGAGUACNNNNNNUCCTGTUNNNNNNUCTT(rG)(rG)(rG)(rG)	
ДНК-синтез	MK-165	CAGUGGUAUCAACGCAGAGUACNNNNNUNCGTATNUNNNNNNUCTT(rG)(rG)(rG)(rG)	
ДНК-синтез	MK-174	CAGUGGUAUCAACGCAGAGUACNNNNNUNCTGAGNUNNNNNNUCTT(rG)(rG)(rG)(rG)	
ДНК-синтез	MK-154	CAGUGGUAUCAACGCAGAGUACNNNNNUNCCGTCNUNNNNNNUCTT(rG)(rG)(rG)(rG)	
ДНК-синтез	MK-181	CAGUGGUAUCAACGCAGAGUACNNNNNUNGAATCNUNNNNNNUCTT(rG)(rG)(rG)(rG)	
ДНК-синтез	MK-205	CAGUGGUAUCAACGCAGAGUACNNNNNUNGGCATNUNNNNNNUCTT(rG)(rG)(rG)(rG)	
ДНК-синтез	MK-210	CAGUGGUAUCAACGCAGAGUACNNNNNUNGGTAGNUNNNNNNUCTT(rG)(rG)(rG)(rG)	
ДНК-синтез	MK-218	CAGUGGUAUCAACGCAGAGUACNNNNNUNGTCTANUNNNNNNUCTT(rG)(rG)(rG)(rG)	
ДНК-синтез	MK-190	CAGUGGUAUCAACGCAGAGUACNNNNUNNGCAAANNUNNNNNNUCTT(rG)(rG)(rG)(rG)	
ДНК-синтез	MK-227	CAGUGGUAUCAACGCAGAGUACNNNNUNNTAACCNNUNNNNNNUCTT(rG)(rG)(rG)(rG)	
ДНК-синтез	MK-240	CAGUGGUAUCAACGCAGAGUACNNNNUNNTCGACNNUNNNNNNUCTT(rG)(rG)(rG)(rG)	
ДНК-синтез	MK-253	CAGUGGUAUCAACGCAGAGUACNNNNUNNTTATGNNUNNNNNNUCTT(rG)(rG)(rG)(rG)	
ДНК-синтез	MK-257	CAGUGGUAUCAACGCAGAGUACNNNNUNNTTGCGNNUNNNNNNUCTT(rG)(rG)(rG)(rG)	
ДНК-синтез	MK-248	CAGUGGUAUCAACGCAGAGUACNNNNUNNTGGCANNUNNNNNNUCTT(rG)(rG)(rG)(rG)	
ДНК-синтез	MK-301	CAGUGGUAUCAACGCAGAGUACNNNNNNUAACACUNNNNNNUCTT(rG)(rG)(rG)(rG)	
ДНК-синтез	MK-302	CAGUGGUAUCAACGCAGAGUACNNNNNNUACACAUNNNNNNUCTT(rG)(rG)(rG)(rG)	
ДНК-синтез	MK-303	CAGUGGUAUCAACGCAGAGUACNNNNNUNACGATNUNNNNNNUCTT(rG)(rG)(rG)(rG)	
ДНК-синтез	MK-304	CAGUGGUAUCAACGCAGAGUACNNNNNUNACTGANUNNNNNNUCTT(rG)(rG)(rG)(rG)	
ДНК-синтез	MK-305	CAGUGGUAUCAACGCAGAGUACNNNNUNNCACTGNNUNNNNNNUCTT(rG)(rG)(rG)(rG)	
ДНК-синтез	MK-306	CAGUGGUAUCAACGCAGAGUACNNNNUNNCCATGNNUNNNNNNUCTT(rG)(rG)(rG)(rG)	
ДНК-синтез	MK-307	CAGUGGUAUCAACGCAGAGUACNNNNUNNCGACANNUNNNNNNUCTT(rG)(rG)(rG)(rG)	
ДНК-синтез	MK-308	CAGUGGUAUCAACGCAGAGUACNNNNUNNCTAGTNNUNNNNNNUCTT(rG)(rG)(rG)(rG)	
ДНК-синтез	MK-309	CAGUGGUAUCAACGCAGAGUACNNNNNUNGATACNUNNNNNNUCTT(rG)(rG)(rG)(rG)	
ДНК-синтез	MK-310	CAGUGGUAUCAACGCAGAGUACNNNNNUNGCTATNUNNNNNNUCTT(rG)(rG)(rG)(rG)	
ДНК-синтез	MK-311	CAGUGGUAUCAACGCAGAGUACNNNNNNUGTCACUNNNNNNUCTT(rG)(rG)(rG)(rG)	
ДНК-синтез	MK-312	CAGUGGUAUCAACGCAGAGUACNNNNNNUTGTTAUNNNNNNUCTT(rG)(rG)(rG)(rG)	

